<?xml version="1.0" encoding="UTF-8" standalone="yes"?>
<addon id="plugin.audio.German-Top100"
	name="German Top100"
	version="1.0"
	provider-name="[COLOR white]MICLIER,pulse[/COLOR]">
  <requires>
    <import addon="xbmc.python" version="2.14.0"/>
    <import addon="script.module.addon.common" version="2.0.0"/>
    <import addon="plugin.video.youtube" version="5.0.0"/>
  </requires>
  <extension point="xbmc.python.pluginsource" library="default.py">
    <provides>audio</provides>
  </extension>
  <extension point="xbmc.addon.metadata">
    <summary lang="de">German Top100</summary>
    <description lang="de">
     
     
     
    
    </description>
    <platform>all</platform>
       <assets>
        <icon>icon.png</icon>
        <fanart>fanart.jpg</fanart>
        <screenshot></screenshot>      
    </assets>
  </extension>
</addon>
