<?xml version="1.0" encoding="UTF-8" standalone="yes"?>
<addon id="plugin.video.wagasworld"
       name="[B][COLOR white]WagasWorld [COLOR red]Portal[/B][/COLOR]"
       version="1.7"
       provider-name="[B][COLOR white]WAGA[/COLOR][/B]">
  <requires>
    <import addon="xbmc.python" version="2.1.0"/>
	<import addon="script.module.t0mm0.common" version="2.0.0"/>
    <import addon="script.module.beautifulsoup" version="3.2.1"/>
    <import addon="script.module.simple.downloader" version="0.9.4"/>
    <import addon="script.module.beautifulsoup4" />
    <import addon="script.module.simple.downloader" version="0.9.4"/>
    <import addon="script.module.requests" />
    <import addon="script.module.httplib2" />
    <import addon="script.module.youtube.dl" optional="true"/>
    <import addon="plugin.video.youtube" version="3.0.0"/>
    <import addon="script.module.urlresolver" optional="true"/>
    <import addon="script.module.simplejson" /> 
    <import addon="script.common.plugin.cache" version="2.5.2"/>
    <import addon="script.module.metahandler" version="2.5.1"/>

  </requires>
  <extension point="xbmc.python.pluginsource" library="default.py">
    <provides>video</provides>
  </extension>
  <extension point="xbmc.addon.metadata">
    <summary lang="en">[I]WagasWorld Stream Portal[/I]</summary>
    <description lang="en">[B][COLOR white]Facebook Gruppe:[/COLOR][COLOR red] https://www.facebook.com/groups/wagasworld [/COLOR] 

[COLOR white]Homepage:[/COLOR][COLOR red] www.wagasworld.com wo Jeder User einen Channel erstellen kann [/COLOR]

[COLOR white]Kontakt:[/COLOR][COLOR red] support@wagasworld.com[/COLOR] 

[COLOR skyblue]Spendenlink:[COLOR red]https://www.paypal.me/absolutKodi2[/COLOR]

[COLOR white] Nicht vergessen immer schoen [COLOR red]WAGA[/COLOR] Bleiben[/COLOR][/B]</description>
    <platform>all</platform>
  </extension>
</addon>
