<?xml version="1.2" encoding="UTF-8" standalone="yes"?>
<addon id="plugin.video.All.Kinds.of.Music"
	name="[COLOR white]All Kinds of Music[/COLOR]"
	version="1.2"
	provider-name="[COLOR green]MICLIER[/COLOR]">
  <requires>
    <import addon="xbmc.python" version="2.14.0"/>
    <import addon="script.module.addon.common" version="2.0.0"/>
    <import addon="plugin.video.youtube" version="5.0.0"/>
  </requires>
  <extension point="xbmc.python.pluginsource" library="default.py">
    <provides>video</provides>
  </extension>
  <extension point="xbmc.addon.metadata">
    <summary lang="de">All Kinds of Music by MICLIER</summary>
    <description lang="de">
     
     
     Dieses Addon wurde gemacht für [COLOR lightskyblue]Kodi Neu Erleben[/COLOR]
     Besuche uns im Forum unter: [B][COLOR white]https://forum.kodineuerleben.eu[/COLOR][/B].
     Viel spass.
    
    </description>
    <platform>all</platform>
       <assets>
        <icon>icon.png</icon>
        <fanart>fanart.jpg</fanart>
        <screenshot></screenshot>      
    </assets>
  </extension>
</addon>
